user_id,created_at,text,label
1.38E+18,3/29/2021,"b""'Satgas COVID-19 mengaku kepatuhan masyarakat terhadap protokol kesehatan sempat menurun usai dilaksanakannya vaksin\xe2\x80\xa6 https://t.co/Rum3Sidrth'""",-1
1.38E+18,3/29/2021,"b""'RT @ProfesorZubairi: Hari ini saya akan bahas soal Long Covid yang sebutannya sudah diganti menjadi Post Acute Sequelae of SARS-CoV-2 (PASC\xe2\x80\xa6'""",1
1.38E+18,3/29/2021,"b""'@sshayeol agak aneh gk sih kalo alasannya korona'""",-1
1.38E+18,3/29/2021,"b""'RT @Beritasatu: Data Kematian Covid-19 sampai 29 Maret 2021 https://t.co/p9WJ3TDphD https://t.co/MxfoZlZlkm'""",-1
1.38E+18,3/29/2021,"b""'Terapkan Pendisiplinan Prokes Guna antisipasi Covid 19 Personil Sat Polair Polres Jembrana Lakukan Kurve Kebersihan\xe2\x80\xa6 https://t.co/6WeJWhcb2t'""",1
1.38E+18,3/29/2021,"b""'Perdana Menteri Tan Sri Muhyiddin Yassin memberi jaminan kerajaan akan berusaha membantu memulihkan kehidupan rakya\xe2\x80\xa6 https://t.co/SMYNrs4blW'""",1
1.38E+18,3/29/2021,"b""'17 Dosen USU Meninggal Terpapar Covid-19 - https://t.co/xwjva8JMYz'""",-1
1.38E+18,3/29/2021,"b""'RT @NarasiNewsroom: Jumlah kumulatif kasus konfirmasi positif COVID-19 di Indonesia kini sudah mencapai 1,5 juta, tepatnya 1.501.093 per Se\xe2\x80\xa6'""",-1
1.38E+18,3/29/2021,"b""'Secara bertahap, program vaksinasi untuk pegawai PLN akan terus dilakukan di seluruh Indonesia. PLN juga memastikan\xe2\x80\xa6 https://t.co/p91FV0b5vf'""",1
1.38E+18,3/29/2021,"b""'RT @1127x0205: yaudahlah poto sendirian juga gapapa kalo lo mau pake alesan korona gabole kumpul2 @weareoneEXO'""",-1
1.38E+18,3/29/2021,"b""'RT @muhammadiyah: Edaran PP Muhammadiyah Tentang Tuntunan Ibadah Ramadan 1442 H dalam Kondisi Darurat Covid-19 https://t.co/JIPyynVof9 #Muh\xe2\x80\xa6'""",-1
1.38E+18,3/29/2021,"b""'RT @f4izalhassan: Kes bawah 1,000 guys.  Adakah ini satu petandaaaa???????'""",-1
1.38E+18,3/29/2021,"b""'RT @TirtoID: Vaksinasi COVID-19 menggunakan AstraZeneca di Provinsi Sulawesi Utara dihentikan sementara setelah warga yang divaksin merasak\xe2\x80\xa6'""",-1
1.38E+18,3/29/2021,"b""'RT @f4izalhassan: Kes bawah 1,000 guys.  Adakah ini satu petandaaaa???????'""",-1
1.38E+18,3/29/2021,"b""'BKAG Tebingtinggi Jadi Barisan Terdepan Sosialisasikan Prokes\xc2\xa0Covid-19 https://t.co/kR7NzWLq9x'""",1
1.38E+18,3/30/2021,"b'\'RT @501Awani: ""Kecuaian dan kelalaian pihak berkenaan menyebabkan kes COVID-19 di Kelantan meningkat termasuk peningkatan kluster.""  #ICYMI\xe2\x80\xa6\''",-1
1.38E+18,3/29/2021,"b""'Bhabinkamtibmas Kel. Meteseh Polsek Tembalang Aiptu Saptiawan Riadi melaks PPKM Mikro dan ajak warga masy untuk tet\xe2\x80\xa6 https://t.co/KJ6phoqMXv'""",1
1.38E+18,3/29/2021,"b""'@nayanika07 Selamat malam. Railmin sarankan menggunakan pakaian lengan panjang ya kak dan juga celananya, agar lebi\xe2\x80\xa6 https://t.co/g6PDgDEbWA'""",1
1.38E+18,3/29/2021,"b""'RT @NS_Indah79: Wow! Jumlah Penyuntikan Vaksin Covid-19 Akan Capai 10 Juta  Berdasarkan dinamika terkini, Menkes memberikan catatan mengena\xe2\x80\xa6'""",1
1.38E+18,3/29/2021,"b""'maupun tempat isolasi spt hotel yg ditunjuk pemerintah serta Wisma Atlet  PLN akan terus berupaya memberikan pelaya\xe2\x80\xa6 https://t.co/XrvpLpWozF'""",1
1.38E+18,3/29/2021,"b""'Program yg sangat baik untuk meningkatkan kesedaran masyarakat mengenai pentingnya Vaksin COVID-19. Sesuai dengan t\xe2\x80\xa6 https://t.co/LzfctGsIz6'""",1
1.38E+18,3/29/2021,"b""'Mudik Lebaran 2021 Dilarang, Menkes Budi: Sabar Dulu sampai Pandemi COVID-19 Terkontrol https://t.co/k1KFXtWGVn'""",-1
1.38E+18,3/29/2021,"b""'Tugu Simbol Perlawanan Covid-19: Tugu Simbol Perlawanan Covid-19. Tugu ini dibuat sebagai simbol untuk perlawanan t\xe2\x80\xa6 https://t.co/DRyfMYKqkw'""",1
1.38E+18,3/29/2021,"b""'Betoll, Mudik meningkatkan resiko paparan virus covid-19 di kampung halaman #AyoVaksinTetap5M #Covid_19 #COVID19\xe2\x80\xa6 https://t.co/rVWUAqWElH'""",-1
1.38E+18,3/29/2021,"b""'Kusendro Ajak Masyarakat Lawan Covid-19 Dengan Mensukseskan Program Vaksinasi #SemangatMembangunRI #Lazada9Birthday https://t.co/yhURxFqWlT'""",1
1.38E+18,3/29/2021,"b""'Cegah covid-19 dengan Patuhi Protokol Kesehatan dimulai dari diri sendiri. . #polrestajogjakartabermasker\xe2\x80\xa6 https://t.co/1GzpSXOBcj'""",1
1.38E+18,3/29/2021,"b""'Sudah seharusnya pemerintah memprioritaskan pasien gagal ginjal untuk juga mendapat vaksinasi covid-19.... @kpcdi\xe2\x80\xa6 https://t.co/tWPn2kH9rg'""",-1
1.38E+18,3/29/2021,"b""'\xf0\x9f\x93\x8c Komitmen semua pihak amat kritikal dalam memutuskan rantaian COVID-19 melalui Program Pemerkasaan Komuniti  \xf0\x9f\x93\x8c NAD\xe2\x80\xa6 https://t.co/WX4XNSOy4j'""",1
1.38E+18,3/29/2021,"b""'RT @Beritasatu: Data Kematian Covid-19 sampai 29 Maret 2021 https://t.co/p9WJ3TDphD https://t.co/MxfoZlZlkm'""",-1
1.38E+18,3/29/2021,"b""'Brasil laporkan lebih dari 3.000 kematian akibat COVID-19 selama dua hari beruntun https://t.co/8Zor4CPZgT https://t.co/YueLWKlRbS'""",-1
1.38E+18,3/29/2021,"b""'Sebagai salah satu upaya utk mengurangi penyebaran Covid-19, IPC melaksanakan program IPC Peduli Covid-19 dengan me\xe2\x80\xa6 https://t.co/um1faXcjIh'""",1
1.38E+18,3/29/2021,"b""'@mynemisr Mnjauh dri ku, kmu korona..,,,...'""",-1
1.38E+18,3/29/2021,"b""'RT @501Awani: Polis beri jaminan tindakan sama akan dikenakan terhadap mereka yang gagal mematuhi SOP PKP yang ditetapkan Kerajaan.  #AWANI\xe2\x80\xa6'""",1
1.38E+18,3/29/2021,"b""'Yuukk kita rajin cuci tangan untuk cegah penyebaran covid-19. . . #cucitangandengansabun https://t.co/AFLzZGB1Fx'""",1
1.38E+18,3/29/2021,"b""'RT @JPenerangan: Kenyataan Media Menteri Kanan Pertahanan Mengenai Perintah Kawalan Pergerakan Bersyarat (PKPB) dan Perintah Kawalan Perger\xe2\x80\xa6'""",1
1.38E+18,3/29/2021,"b""'Update Corona RI Hari ini: Kasus Covid-19 Tembus 1,5 Juta https://t.co/m16u10nGJw'""",-1
1.38E+18,3/29/2021,"b""'RT @PemkotMalang: #NawakNgalam, Pemerintah Kota (Pemkot) Malang terus optimis dalam penanganan COVID-19. https://t.co/b43St9gZcr'""",1
1.38E+18,3/29/2021,"b""'RT @KKMPutrajaya: Terkini. 29 Mac. Kes baharu hari ini 9\xe2\x83\xa34\xe2\x83\xa31\xe2\x83\xa3 iaitu terendah untuk tahun 2021, setakat ini.   Kali terakhir kes harian di b\xe2\x80\xa6'""",-1
1.38E+18,3/29/2021,"b""'IPC berharp program ini dapat mendorong kesadaran masyarakat agar lebih disiplin dalam menerapkan protokol kesehata\xe2\x80\xa6 https://t.co/PYYzyyOk88'""",1
1.38E+18,3/29/2021,"b""'RT @KKMPutrajaya: Terkini. 29 Mac. Kes baharu hari ini 9\xe2\x83\xa34\xe2\x83\xa31\xe2\x83\xa3 iaitu terendah untuk tahun 2021, setakat ini.   Kali terakhir kes harian di b\xe2\x80\xa6'""",-1
1.38E+18,3/29/2021,"b""'Berita siswa terpapar setelah tatap muka sdh banyak dokter yg share. Yg ini sdh ada blm Pak @Partono_ADjem @mbahndi\xe2\x80\xa6 https://t.co/0jbr0yKPNJ'""",-1
1.38E+18,3/29/2021,"b""'RT @NS_Indah79: Menkes: Vaksinasi dan Pembatasan Mobilitas Akan Efektif Tekan Covid-19  Menteri Kesehatan (Menkes) Budi Gunadi Sadikin meng\xe2\x80\xa6'""",1
1.38E+18,3/29/2021,"b'\'""Diary"" Maret, Pandemi Covid-19, dan Manula https://t.co/1l6V1Qx7Ey\''",-1
1.38E+18,3/29/2021,"b""'Seorang ASN Puncak Jaya Meninggal Dunia Karena Covid-19 https://t.co/ZI8L0tQ4Im'""",-1
1.38E+18,3/29/2021,"b""'RT @NarasiNewsroom: Jumlah kumulatif kasus konfirmasi positif COVID-19 di Indonesia kini sudah mencapai 1,5 juta, tepatnya 1.501.093 per Se\xe2\x80\xa6'""",-1
1.38E+18,3/29/2021,"b""'RT @JapenPerlis: #InfoOnWheels PERINTAH KAWALAN PERGERAKAN PEMULIHAN (PKPP), CAPP (PEMBUDAYAAN NORMA BAHARU), PENGISYTIHARAN PROKLAMASI DAR\xe2\x80\xa6'""",1
1.38E+18,3/29/2021,"b""'RT @NS_Indah79: Wow! Jumlah Penyuntikan Vaksin Covid-19 Akan Capai 10 Juta  Berdasarkan dinamika terkini, Menkes memberikan catatan mengena\xe2\x80\xa6'""",1
1.38E+18,3/29/2021,"b""'RT @cnbcindonesia: Update Corona RI Hari ini: Kasus Covid-19 Tembus 1,5 Juta https://t.co/m16u10nGJw'""",-1
1.38E+18,3/29/2021,"b'\'Alhamdulliillah Anak"" ku sembuh semua karena kehendaknya.\''",1
1.38E+18,3/29/2021,"b""'RT @desmukh: Subhanallah https://t.co/w4wCYq0jYI'""",1
1.38E+18,3/29/2021,"b""'Belum tau aja efek vaksin sinovac, habis disuntik jadi laper'""",-1
1.38E+18,3/29/2021,"b""'Data jumlah kasus COVID-19 di Polandia 29.03.2021 Pukul 10.30 CET \xe2\x80\xa2 #indonesianway #inidiplomasi #negaramelindungi\xe2\x80\xa6 https://t.co/nJPVInH16d'""",-1
1.38E+18,3/29/2021,"b""'Tekan Penyebaran Covid-19, Bhabinkamtibmas Pahandut Giatkan Posko PPKM Skala\xc2\xa0Mikro https://t.co/bcId3x66ap'""",1
1.38E+18,3/29/2021,"b""'RT @septian: Sebenarnya efek sampingnya masih wajar dan cukup expected. Yang diperlukan adl komunikasi risiko yg apa adanya kepada warga me\xe2\x80\xa6'""",-1
1.38E+18,3/29/2021,"b""'Paskah 2021, Pandemi Covid-19, dan Teror Bom https://t.co/LoDL6mopBH'""",-1
1.38E+18,3/29/2021,"b""'Gus Muhdlor Pastikan Kabupaten Sidoarjo Peroleh 400 Ribu Vaksin Covid-19 https://t.co/mZq1FSngAj lewat @wpvkp'""",1
1.38E+18,3/29/2021,"b""'RT @TirtoID: Vaksinasi COVID-19 menggunakan AstraZeneca di Provinsi Sulawesi Utara dihentikan sementara setelah warga yang divaksin merasak\xe2\x80\xa6'""",-1
1.38E+18,3/29/2021,"b""'RSJ Jabar Tangani Ratusan Anak Kecanduan Gawai Akibat Pandemi Covid-19 https://t.co/Mgl3ZEX2tk'""",-1
1.38E+18,3/29/2021,"b""'@worksfess bisaa jadii koo nderr karnaa korona, soalnyaa banyak perusahaan yg nunda rekrutmen karna korona juga'""",-1
1.38E+18,3/29/2021,"b""'Saya ingin membuat poll.  Setelah fasa 1 pemberian vaksin #COVID19 , adakah anda masih mahu untuk menerima suntikan\xe2\x80\xa6 https://t.co/magEnGKDK8'""",1
1.38E+18,3/29/2021,"b""'RT @KKMPutrajaya: 5 kematian termasuk 1 bukan warganegara akibat jangkitan COVID-19 dilaporkan hari ini dan menjadikan jumlah kematian COVI\xe2\x80\xa6'""",-1
1.38E+18,3/29/2021,"b""'Agar Terhindar dari Penyebaran Covid 19 Sat Polair Polres Jembrana lakukan Kebersihan Di Lingkungan Kantor\xc2\xa0Gilimanu\xe2\x80\xa6 https://t.co/xH8leNo5vP'""",1
1.38E+18,3/29/2021,"b""'Bekalan untuk dua mibggu semasa covid 19 https://t.co/ziQ39hI7ot'""",1
1.38E+18,3/29/2021,"b""'RT @mbahndi: RSJ Jabar Tangani Ratusan Anak Kecanduan Gawai Akibat Pandemi Covid-19 https://t.co/Mgl3ZEX2tk'""",1
1.38E+18,3/29/2021,"b""'penerapan protokol kesehatan covid 19 dikantor pembuatan\xc2\xa0sim https://t.co/gFZdKhk9Cv'""",1
1.38E+18,3/29/2021,"b""'Stok vaksin Covid-19 terancam menipis pada April, ini strategi pemerintah \xe2\x80\x93\xc2\xa0Kontan https://t.co/F0fZmucdNv'""",-1
1.38E+18,3/29/2021,"b""'Walau Indonesia 85 dari 95 negara berhasil tangani Covid-19 naik &amp; turun. 28/3 turun 4.083, 29/3 naik 5.008 di 514\xe2\x80\xa6 https://t.co/tlrYjUcqpA'""",1
1.38E+18,3/29/2021,"b""'Data jumlah kasus COVID-19 di Polandia 29.03.2021 Pukul 10.30 CET \xe2\x80\xa2 #indonesianway #inidiplomasi #negaramelindungi\xe2\x80\xa6 https://t.co/nJPVInH16d'""",-1
1.38E+18,3/29/2021,"b""'Stok vaksin Covid-19 terancam menipis pada April, ini strategi pemerintah \xe2\x80\x93 Kontan \xe2\x80\x93 https://t.co/hxKrfhEJai https://t.co/VO5Bq7BoGe'""",-1
1.38E+18,3/29/2021,"b""'RT @NS_Indah79: Menkes: Vaksinasi dan Pembatasan Mobilitas Akan Efektif Tekan Covid-19  Menteri Kesehatan (Menkes) Budi Gunadi Sadikin meng\xe2\x80\xa6'""",1
1.38E+18,3/29/2021,"b""'8 Kecamatan Kembali Masuk Zona Orange Covid-19 di Kota\xc2\xa0Pekanbaru https://t.co/vxEpoyI2De'""",-1
1.38E+18,3/29/2021,"b""'RT @NS_Indah79: Wow! Jumlah Penyuntikan Vaksin Covid-19 Akan Capai 10 Juta  Berdasarkan dinamika terkini, Menkes memberikan catatan mengena\xe2\x80\xa6'""",1
1.38E+18,3/29/2021,"b""'Wali Kota Surabaya: Tidak Ada Pendirian RS Darurat Covid-19 di Mal Cito! https://t.co/86WjAX4oko'""",-1
1.38E+18,3/29/2021,"b""'RT @SchoolforCool_: Yak karena pandemi mengharuskan seluruh umat untuk halu tiap hari, Mincool mau ajak Cool Kids buat bayangin kalo covid\xe2\x80\xa6'""",-1
1.38E+18,3/29/2021,"b""'Cegah Penularan Covid-19 di Bulan Ramadan, Bupati Imbau Masyarakat Tetap Patuhi Prokes https://t.co/x4JvwZqQJc #Kebumen24'""",-1
1.38E+18,3/29/2021,"b""'Bersama Kadis Kesehatan, Kapolres Kuansing cek pelaksanaan Vaksinaksi Covid-19 Petugas Pelayanan\xc2\xa0Publik https://t.co/VndFzMLQEY'""",1
1.38E+18,3/29/2021,"b""'Kasus Covid Memucak, Negara-Negara Ini Kembali Terapkan Lockdown https://t.co/z2yBPVzhjx'""",-1
1.38E+18,3/29/2021,"b""'RT @mbahndi: RSJ Jabar Tangani Ratusan Anak Kecanduan Gawai Akibat Pandemi Covid-19 https://t.co/Mgl3ZEX2tk'""",-1
1.38E+18,3/29/2021,"b""'RT @dokterMade: @dirgarambe Semoga tidak diserbu kaum konspirasi, dok. Saya agak malas di IG membahas Covid19. :)'""",-1
1.38E+18,3/29/2021,"b""'RT @mbahndi: RSJ Jabar Tangani Ratusan Anak Kecanduan Gawai Akibat Pandemi Covid-19 https://t.co/Mgl3ZEX2tk'""",-1
1.38E+18,3/29/2021,"b""'@RainerLouis12 Kalo olahraganya senam pagi kan bahkan sebelum korona udah jaga jarak'""",1
1.38E+18,3/29/2021,"b""'RT @khairul_hafidz: Saya ingin membuat poll.  Setelah fasa 1 pemberian vaksin #COVID19 , adakah anda masih mahu untuk menerima suntikan vak\xe2\x80\xa6'""",1
1.38E+18,3/29/2021,"b""'BUKANNYA KORONA YHA??????'""",1
1.38E+18,3/29/2021,"b""'Siswa Terpapar Covid-19, Sekolah di Batam Ditutup https://t.co/s21coTdp4b https://t.co/zSd1JJJhfR'""",-1
1.38E+18,3/29/2021,"b""'RT @mbahndi: RSJ Jabar Tangani Ratusan Anak Kecanduan Gawai Akibat Pandemi Covid-19 https://t.co/Mgl3ZEX2tk'""",-1
1.38E+18,3/29/2021,"b""'Kegiatan dilaksanakan dengan memenuhi standar Protokol Kesehatan Covid-19  #lawancovid19 #BandungNuUrang #coblongjitu'""",1
1.38E+18,3/29/2021,"b""'maksud aku gini, kalo emang di korea ada regulasi yang membuat EXO ga bisa upload foto tradisi wamil ya its okay, k\xe2\x80\xa6 https://t.co/sxMW00OgUU'""",-1
1.38E+18,3/29/2021,"b""'Wanita hamil adalah kumpulan berisiko tinggi mendapat komplikasi penyakit jika dijangkiti COVID-19.   Justeru, wani\xe2\x80\xa6 https://t.co/WryrHXtsvf'""",-1
1.38E+18,3/29/2021,"b""'RT @JPenerangan: Elak 3S, jangan pernah leka, COVID-19 sentiasa ada.   #COVID19 #KitaTeguhKitaMenang #KomunikasiKita #JabatanPenerangan htt\xe2\x80\xa6'""",-1
1.38E+18,3/29/2021,"b'\'Jadi koper, jadi sayur :"")) Nikmatnya silaturahmi :""))  Tapi emang sih potensi penularan dari yg mudik (aktivitas k\xe2\x80\xa6 https://t.co/eJGdnaVHLr\''",-1
1.38E+18,3/29/2021,"b""'Terus lama kelamaan, kan korona tuhh.. setahun lebih gak ketemu'""",-1
1.38E+18,3/29/2021,"b""'Seluruh Pelaku Pariwisata di Lovina Ditarget Vaksin Covid-19 https://t.co/4M1dFSuxck'""",1
1.38E+18,3/29/2021,"b""'RT @dirgarambe: Vaksin #COVID19 mengandung virus MATI. Tdk bisa hidup lg &amp; memperbanyak diri.  TIDAK MUNGKIN vaksin menyebabkan sakit Covid\xe2\x80\xa6'""",-1
1.38E+18,3/29/2021,"b""'RT @JPenerangan: Elak 3S, jangan pernah leka, COVID-19 sentiasa ada.   #COVID19 #KitaTeguhKitaMenang #KomunikasiKita #JabatanPenerangan htt\xe2\x80\xa6'""",-1
1.38E+18,3/29/2021,"b""'Balik Tambooonnn wohooo hooo balik Tamboooonnnn, Hati giranggggggggggggg'""",1
1.38E+18,3/29/2021,"b""'dih anjing korona gblokkkk'""",-1
1.38E+18,3/29/2021,"b""'RT @MyHEALTHKKM: Ibu hamil boleh mengambil vaksin Comirnaty COVID-19,  Masa terbaik wanita hamil menerima vaksin adalah semasa kandungan be\xe2\x80\xa6'""",-1
1.38E+18,3/29/2021,"b""'Biasakan Pakai Masker Mari Kita Cegah Penyebaran Covid-19 https://t.co/aQ0LeBJ5dN'""",1
1.38E+18,3/29/2021,"b""'@ibuknyaadam Cuma si riski lah kk penduduk komplek itu yg tiap hri dtg. Ombir dll sudah jarang nampak. Dibilang goi\xe2\x80\xa6 https://t.co/uxOK5HzhNV'""",-1
1.38E+18,3/29/2021,"b""'RT @Magnaeum: Cluster takziah ngeeeeeng Ntar bisa bisa ada cluster yasinan, tujuh harian, pendak dan semacamnya'""",-1
1.38E+18,3/29/2021,"b""'RT @kebijakananies_: Jokowi Larang Mudik Lebaran 2021, Anies: DKI Sudah Punya Aturan Itu dari Tahun Lalu https://t.co/X3pX57f3Wd  Anies men\xe2\x80\xa6'""",-1
1.38E+18,3/29/2021,"b""'Salah satu yang membuat Perjuangan Berumur Panjang Adalah Munculnya Solidaritas Untuk Saling Mendukung Dalam Berjua\xe2\x80\xa6 https://t.co/S9N2QANbHp'""",1
1.38E+18,3/29/2021,"b""'RT @JPenerangan: Kini anda boleh mendaftar untuk tanggungan melalui aplikasi MySejahtera. Bantu mereka untuk mendaftar agar mereka dilindun\xe2\x80\xa6'""",1
1.38E+18,3/29/2021,"b""'RT @JPenerangan: Pakai pelitup muka dengan betul.  Fungsi pelitup muka sebagai \xe2\x80\x9cPERISAI DIRI\xe2\x80\x9d tidak berkesan jika anda pakai di dagu.  #COV\xe2\x80\xa6'""",1
1.38E+18,3/29/2021,"b""'RT @ahongpleong: Satu Kampung Positif Covid-19 Tidak Menyurutkan Rencana Pemda untuk Mencapai Target 1,8 Juta Wisatawan  #istimiwir'""",-1
1.38E+18,3/29/2021,"b""'RT @kkmm_gov: Agen Basmi COVID-19 (ABC-19)  Pemerkasaan Komuniti adalah senjata dalam usaha membendung penularan virus COVID-19  Komuniti p\xe2\x80\xa6'""",1
1.38E+18,3/29/2021,"b""'RT @detikcom: KPK merespons desakan Effendi Ghazali soal buka-bukaan soal 'dewa' penerima jatah bansos COVID-19. KPK berjanji akan membukan\xe2\x80\xa6'""",-1
1.38E+18,3/29/2021,"b""'RT @f4izalhassan: Kes bawah 1,000 guys.  Adakah ini satu petandaaaa???????'""",-1
1.38E+18,3/29/2021,"b'\'@dxrank Desanya Naruto. wkwkwkw canda korona hyong. Virus"" yang mematikan itu.....\''",-1
1.38E+18,3/29/2021,"b""'Koramil 08 Tawangmangu - Sertu Parno melaksanakan penerapan PPKM Mikro menghimbau protokoler kesehatan pada para pe\xe2\x80\xa6 https://t.co/8EZPO0hQPz'""",1
1.38E+18,3/29/2021,"b""'RT @DGHisham: Perkembangan terkini setakat 28hb March 2021 laporan harian pemberian dos pertama dan dos kedua vaksin Covid-19 mengikut nege\xe2\x80\xa6'""",1
1.38E+18,3/29/2021,"b""'Percepat Target, Pemprov NTB Gelar Vaksinasi Covid-19 di Islamic Center https://t.co/sgtOOJTIwQ'""",1
1.38E+18,3/29/2021,"b""'Serunya sekolah darurat anak Muhajirin Suriah dempet2an di garis depan.. COVID-19 malu langsung kabur kayaknya\xf0\x9f\x98\x85\xe2\x80\xa6 https://t.co/aVPEIt3oUY'""",-1
1.38E+18,3/29/2021,"b""'Setelah mengeluarkan larangan mudik lebaran 2021, Pemerintah memperbaharui ketentuan atau syarat perjalanan di dala\xe2\x80\xa6 https://t.co/WKFPmogVIB'""",-1
1.38E+18,3/29/2021,"b""'RT @triwul82: Vaksinasi Covid-19 di Indonesia Tembus 10 Juta Penduduk, Menkes mengatakan jumlah itu menunjukkan ada 500 ribu orang divaksin\xe2\x80\xa6'""",1
1.38E+18,3/29/2021,"b""'RT @tonytrax: Berita 27 Maret 2021, satu dusun BLEKIK-Ngaglik-Sleman positif covid dijemput ambulance:  Mhn perhatian Bapak2, sy dapat info\xe2\x80\xa6'""",-1
1.38E+18,3/29/2021,"b""'RT @501Awani: Polis beri jaminan tindakan sama akan dikenakan terhadap mereka yang gagal mematuhi SOP PKP yang ditetapkan Kerajaan.  #AWANI\xe2\x80\xa6'""",-1
1.38E+18,3/29/2021,"b""'RT @mbahndi: RSJ Jabar Tangani Ratusan Anak Kecanduan Gawai Akibat Pandemi Covid-19 https://t.co/Mgl3ZEX2tk'""",-1
1.38E+18,3/29/2021,"b""'Anggota Koramil 03 Bulu bersama Polsek Bulu melaksanakan pengawalan pengambilan vaksin covid 19 dari gudang farmasi\xe2\x80\xa6 https://t.co/qDZFGJAOHr'""",1
1.38E+18,3/29/2021,"b""'Baksos TNI Polri bersama dengan Yayasan Budha Tzu Chi Indonesia,Persatuan Umat Buddha Indonesia,Persatuan Islam Tio\xe2\x80\xa6 https://t.co/gsx78K5HrA'""",1
1.38E+18,3/29/2021,"b""'RT @KKMPutrajaya: Wanita hamil adalah kumpulan berisiko tinggi mendapat komplikasi penyakit jika dijangkiti COVID-19.   Justeru, wanita ham\xe2\x80\xa6'""",-1
1.38E+18,3/29/2021,"b""'RT @blogdokter: Berikut Laporan WHO Tentang Asal Mula Covid19 https://t.co/U8go8tmcXE'""",1
1.38E+18,3/29/2021,"b""'RT @liputan6dotcom: Mudik Lebaran 2021 Dilarang, Menkes Budi: Sabar Dulu sampai Pandemi COVID-19 Terkontrol https://t.co/k1KFXtWGVn'""",-1
1.38E+18,3/29/2021,"b""'@ilalalostyou Jujur muak bgt SM korona'""",-1
1.38E+18,3/29/2021,"b""'RT @Fest_PanenKopi: 90 persen masyarakat Gayo merupakan petani kopi, 80 persen di antaranya menggantungkan hidup dari kopi.  Selama covid 1\xe2\x80\xa6'""",-1
1.38E+18,3/29/2021,"b""'Kalau tokoh agama mengatakan terorisme bukan dari agama tertentu. Analogi nya: anda terpapar covid19 tapi tidak men\xe2\x80\xa6 https://t.co/Lu7OOJYpeg'""",-1
1.38E+18,3/29/2021,"b""'RT @detikcom: KPK merespons desakan Effendi Ghazali soal buka-bukaan soal 'dewa' penerima jatah bansos COVID-19. KPK berjanji akan membukan\xe2\x80\xa6'""",-1
1.38E+18,3/29/2021,"b""'Patuhi protokol kesehatan Bersama kita lawan Corona  Yuk, saling menjaga dan melindungi satu sama lain dengan selal\xe2\x80\xa6 https://t.co/3THHRxwGlx'""",1
1.38E+18,3/29/2021,"b""'RT @merdekadotcom: KPK Cegah 3 Orang ke Luar Negeri Terkait Korupsi Barang Darurat Covid-19: KPK meminta Direktorat Jenderal Imigrasi Kemen\xe2\x80\xa6'""",-1
1.38E+18,3/29/2021,"b""'Ayo kita vaksinasi buat putus mata rantai covid-19 #AyoVaksinTetap5M #coronavirus #Covid_19 #mudik2021 https://t.co/v6t1FmDZZo'""",1
1.38E+18,3/29/2021,"b""'Hasil CT setiap klinik atau RS ternyata ada yg tidak mengikuti aturan WHO. CT di bawah 40 keterangan nya negatif..\xe2\x80\xa6 https://t.co/BmWIMXc6dj'""",-1
1.38E+18,3/29/2021,"b""'RT @HumasPolsekPur2: Biasakan Pakai Masker Mari Kita Cegah Penyebaran Covid-19 https://t.co/aQ0LeBJ5dN'""",1
1.38E+18,3/29/2021,"b""'Effendi Gazali mendesak KPK bersikap transparan dalam mengungkap para vendor proyek pengadaan bantuan sosial (banso\xe2\x80\xa6 https://t.co/kQDBIoUum3'""",-1
1.38E+18,3/29/2021,"b""'Ketua TP-PKK berharap dalam kepengurusan yang telah dibentuk dan akan segera dikukuhkan ini, dapat bekerja dengan b\xe2\x80\xa6 https://t.co/fickASHjHs'""",1
1.38E+18,3/29/2021,"b""'5 Cara Kelola Keuangan Ramadhan di Era Pandemi covid 19  | Bersama Hari Soul Putra  Langsung aja, tonton videonya d\xe2\x80\xa6 https://t.co/DAA3q0Urlx'""",1
1.38E+18,3/29/2021,"b""'oalah gara gara korona gabisa up palbot\xf0\x9f\x98\x9e\xf0\x9f\x98\x9e\xf0\x9f\x98\x9e\xf0\x9f\x98\x9e\xf0\x9f\x98\x9e\xf0\x9f\x98\x9e\xf0\x9f\x98\x9e\xf0\x9f\x98\x9e'""",-1
1.38E+18,3/29/2021,"b""'RT @wantahgdn: Pelaksanaan vaksinasi kepada prajurit TNI menggunakan Vaksin AstraZeneca akan selesai tanggal 2 April 2021. Ada 130.000 Praj\xe2\x80\xa6'""",1
1.38E+18,3/29/2021,"b""'RT @MKNJPM: Matlamat utama imunisasi #COVID19 ialah bagi melindungi petugas barisan hadapan, mengurangkan kematian, membentuk imuniti kelom\xe2\x80\xa6'""",1
1.38E+18,3/29/2021,"b""'RT @KemPendidikan: 1. Vaksin COVID-19 diberikan melalui suntikan intramuskular pada otot deltoid pada lengan atas. https://t.co/3TEsDrjSeF'""",1
1.38E+18,3/29/2021,"b'\'Sleman - Masih terjadinya wabah pandemi Covid-19"". Serka Darmanto Babinsa Koramil 03/Turi kodim 0732/Sleman terus g\xe2\x80\xa6 https://t.co/nMkHwO0TwF\''",-1
1.38E+18,3/29/2021,"b""'RS Lapangan COVID-19 Gresik Sementara Ditutup https://t.co/LoToalU0BT'""",-1
1.38E+18,3/29/2021,"b""'@DetaLewar @KopongNuba @KatolikG iya benar.., karena mentaati prokes guna menghindari penularan Covid-19, Pastor da\xe2\x80\xa6 https://t.co/lIBygN4VOl'""",1
1.38E+18,3/29/2021,"b""'Data Satgas Penanganan Covid-19 nyebutin, kalo total jumlah vaksinasi tahap pertama pada tenaga kesehatan (nakes) s\xe2\x80\xa6 https://t.co/WQPz7NpWOP'""",1
1.38E+18,3/29/2021,"b""'Mayoritas kasus Covid-19 yaitu sekitar 70 persen, berada pada tujuh provinsi ini. Sedangkan sisa 30 persen lainnya\xe2\x80\xa6 https://t.co/x1EqUxPK7h'""",-1
1.38E+18,3/29/2021,"b""'Berikut daftar kelompok prioritas vaksinasi Covid-19, yang terdiri dari kelompok pekerja publik dan beberapa profes\xe2\x80\xa6 https://t.co/Zme8jt9SCd'""",1
1.38E+18,3/29/2021,"b""'Yaitu pekerja publik, vaksinasi Covid-19 tahap kedua untuk pekerja publik telah dilakukan dan diharapkan akan seles\xe2\x80\xa6 https://t.co/OiBSTH9UMw'""",1
1.38E+18,3/29/2021,"b""'RT @JK_Daulay: justru saya merasa aneh dengan Anda @musniumar !  seorang rektor kok gak memberikan sumbangsih apa pun kepada negara.  bisan\xe2\x80\xa6'""",-1
1.38E+18,3/29/2021,"b""'Selamat Malam #SahabatTangguh berikut mimin sampaikan update perkembangan Covid-19 per 29 Maret 2021 di Kabupaten M\xe2\x80\xa6 https://t.co/3mwquwbnkO'""",1
1.38E+18,3/29/2021,"b""'Alhamdulillah... Kita bertiga (saya, suami &amp; anak) adalah penyintas covid-19... Yuk semangat sehat guys!!'""",1
1.38E+18,3/29/2021,"b""'Ekonomi Kabupaten Gowa Tumbuh Positif di Tengah Pandemi\xc2\xa0Covid-19 https://t.co/tVBVGAsC00'""",1
1.38E+18,3/29/2021,"b""'\xf0\x9f\x93\x8c Agong seru rakyat Malaysia berganding bahu tunai tanggungjawab lindungi diri, masyarakat menerusi Program Vaksina\xe2\x80\xa6 https://t.co/EEBxXulnY1'""",1
1.38E+18,3/29/2021,"b""'\xf0\x9f\x93\x8c Agong sambut baik usaha kerajaan rangka Program Pemerkasaan Komuniti libatkan rakyat cegah jangkitan COVID-19'""",1
1.38E+18,3/29/2021,"b""'Cegah Penyebaran Covid 19 Di Samuda Kota, Ini Yang Dilakukan Marnit\xc2\xa0Samuda https://t.co/17Ba0ObjZU'""",-1
1.38E+18,3/29/2021,"b""'RT @loveleadernim: Nenek ku 4 bulan lalu, anti banget dan selalu marah2 kalau diingetin tentang korona karena beliau suka ke pasar tanpa ma\xe2\x80\xa6'""",-1
1.38E+18,3/29/2021,"b""'RT @KemenkesRI: Update situasi terkini perkembangan #COVID19 di Indonesia (29/3) \xc2\xa0 (Sebuah utas)  #BersatuLawanCovid19 #dirumahaja\xc2\xa0\xc2\xa0\xc2\xa0\xc2\xa0 #jag\xe2\x80\xa6'""",1
1.38E+18,3/29/2021,"b""'New post (Ekonomi Kabupaten Gowa Tumbuh Positif di Tengah Pandemi Covid-19) has been published on Rakyat Sulsel -\xe2\x80\xa6 https://t.co/8jiwnrQ6ty'""",1
1.38E+18,3/29/2021,"b""'RT @KemenkeuRI: Tahun ini, penggunaan Dana Desa diprioritaskan untuk tiga hal.  Yap, mulai dari pemulihan ekonomi nasional (PEN) sampai pro\xe2\x80\xa6'""",1
1.38E+18,3/29/2021,"b""'RT @kumparan: Filipina melaporkan kasus harian positif COVID-19 sebanyak 10.016 kasus pada Senin (29/3). Karenanya, Ibu Kota Filipina, Mani\xe2\x80\xa6'""",-1
1.38E+18,3/29/2021,"b""'Betoll, Mudik meningkatkan resiko paparan virus covid-19 di kampung halaman #AyoVaksinTetap5M #Covid_19 #COVID19\xe2\x80\xa6 https://t.co/rVWUAqWElH'""",-1
1.38E+18,3/29/2021,"b""'Support vaksinasi nasional #AyoVaksinTetap5M #Covid_19 #COVID19 #coronavirus'""",1
1.38E+18,3/29/2021,"b""'Ingat Pandemi Covid-19 belum berakhir mari disiplin Patuhi protokol kesehatan untuk mencegah penularan virus Corona\xe2\x80\xa6 https://t.co/gWbD63gapU'""",1
1.38E+18,3/29/2021,"b""'Selamat Malam Sobat Diskom.   50 Lansia di Desa Suka rukun Mengikuti Vaksinasi Covid-19 https://t.co/KSNvEWByYm'""",1
1.38E+18,3/29/2021,"b""'Penutupan sekolah hanya berlaku untuk yang terdapat kasus Covid-19. https://t.co/jIx14hYSZc'""",-1
1.38E+18,3/29/2021,"b""'Sebanyak 50 warga lanjut usia (Lansia) di Desa Sukarukun Kecamatan Sukatani Kabupaten Bekas mengikuti vaksinasi Cov\xe2\x80\xa6 https://t.co/v00RlEnQRz'""",1
1.38E+18,3/29/2021,"b""'Kordinator vaksinasi Desa Sukarukun, Mintarsih mengatakan vaksinasi Covid-19 untuk warga lanjut usia mendapat prior\xe2\x80\xa6 https://t.co/7YB28o2rJv'""",1
1.38E+18,3/29/2021,"b""'Vaksinasi untuk para lansia, ungkap Mintarsih, dilakukan agar mereka memiliki imun yang kuat sehingga terhindar dar\xe2\x80\xa6 https://t.co/wyT0KzfjeK'""",1
1.38E+18,3/29/2021,"b""'Cegah penyebaran covid 19 di Samuda kota,ini yang dilakukan marnit\xc2\xa0samuda https://t.co/oUsSwDjlOY'""",1
1.38E+18,3/29/2021,"b""'Punya #bpjskesehatan bisa vaksin gratis loh.. Mama Pocin: Ceritaku Vaksin COVID-19 di Puskesmas dan Tips Ama... https://t.co/QvUrLm71V2'""",1
1.38E+18,3/29/2021,"b""'RT @herisby70: Saran saya kepada saudara Moeldoko lebih baik fokus membantu Bapak Presiden @jokowi menangani Covid 19 dan perbaikan Ekonomi\xe2\x80\xa6'""",-1
1.38E+18,3/29/2021,"b""'RT @mediaindonesia: Gejala Serius Long Covid-19, tapi Jarang Dilaporkan  #SatgasCovid19 #IngatPesanIbu #PakaiMasker #JagaJarak #JagaJarakHi\xe2\x80\xa6'""",-1
1.38E+18,3/29/2021,"b""'Survei Angkatan Kerja Nasional 2020 (Sakernas) mencatat, Pandemi Covid-19 menyebabkan pendapatan 16 juta pengusaha\xe2\x80\xa6 https://t.co/8TKXRnTwQH'""",-1
1.38E+18,3/29/2021,"b""'KASUS SEMBUH COVID-19 DI KOTA DENPASAR MELEJIT DI ANGKA 74\xc2\xa0ORANG https://t.co/eU58yGuNLB'""",1
1.38E+18,3/29/2021,"b""'Pos Silawan memberikan sosialisasi pencegahan Covid-19 di Dusun Adubitin Desa Silawan https://t.co/zW6jsgRqiG'""",1
1.38E+18,3/29/2021,"b""'RT @ProfesorZubairi: Persentase ini naik menjadi 22 persen untuk usia lanjut, yaitu orang yang berusia di atas 70. Dus, seseorang dengan ge\xe2\x80\xa6'""",-1
1.38E+18,3/29/2021,"b""'Sebanyak 648 Personil Polri Ikuti Vaksinasi Covid-19 https://t.co/qR6O90dgQQ'""",1
1.38E+18,3/29/2021,"b""'RT @ProfesorZubairi: Apa gejala spesifik penyintas Covid-19 yang berisiko mengalami PASC?  Ada lima gejala. Kerap merasa fatigue, sakit kep\xe2\x80\xa6'""",1
1.38E+18,3/29/2021,"b""'RT @txtdarimorpheus: Serba salah jadi cowo. Ramah dikira buaya, jaga jarak disangka korona.'""",-1
1.38E+18,3/29/2021,"b""'Bertambah 5.008 Pasien, Total Kumulatif COVID-19 di Indonesia Tembus 1,5 Juta Kasus #Nasional\xe2\x80\xa6 https://t.co/urOGdIoboU'""",-1
1.38E+18,3/29/2021,"b""'RT @DGHisham: 5 kes kematian termasuk 1 bukan warganegara akibat jangkitan COVID-19 dilaporkan pada hari ini dan menjadikan jumlah kematian\xe2\x80\xa6'""",-1
1.38E+18,3/29/2021,"b""'Hal yang dikhawatirkan akan terjadi di masa pandemi. Ini baru di Jabar, belum daerah lainnya. \xf0\x9f\x98\xa2  https://t.co/OAEuFTWgqU'""",-1
1.38E+18,3/29/2021,"b""'RT @kebijakananies_: Jokowi Larang Mudik Lebaran 2021, Anies: DKI Sudah Punya Aturan Itu dari Tahun Lalu https://t.co/X3pX57f3Wd  Anies men\xe2\x80\xa6'""",-1
1.38E+18,3/29/2021,"b""'RT @KKMPutrajaya: 5 kematian termasuk 1 bukan warganegara akibat jangkitan COVID-19 dilaporkan hari ini dan menjadikan jumlah kematian COVI\xe2\x80\xa6'""",-1
1.38E+18,3/29/2021,"b""'Personel Ditpolairud Polda Kaltim Melaksanakan Patroli Dan memberikan himbauan , dan , membagikan masker kepada mas\xe2\x80\xa6 https://t.co/iMM9hGSSVn'""",1
1.38E+18,3/29/2021,"b""'RT @NarasiNewsroom: Jumlah kumulatif kasus konfirmasi positif COVID-19 di Indonesia kini sudah mencapai 1,5 juta, tepatnya 1.501.093 per Se\xe2\x80\xa6'""",-1
1.38E+18,3/29/2021,"b""'Tim BPJS Kesehatan punya inovasi dalam mempermudah verivikasi klaim pasien covid-19 bernama P-Care.   BPJS Kesehata\xe2\x80\xa6 https://t.co/xv3HMvss6R'""",1
1.38E+18,3/29/2021,"b""'RT @herisby70: Saran saya kepada saudara Moeldoko lebih baik fokus membantu Bapak Presiden @jokowi menangani Covid 19 dan perbaikan Ekonomi\xe2\x80\xa6'""",-1
1.38E+18,3/29/2021,"b""'RT @IMJ_ID: Alhamdulillah.  Hari ini kawan-kawan musisi jalanan difabel (tunanetra) yang kerap mengisi acara dan kegiatan musik di @TVRINas\xe2\x80\xa6'""",1
1.38E+18,3/29/2021,"b""'RT @fix_makassar: Hari ini jumlah kasus positif Covid-19 WNI di luar negeri bertambah 17 orang yang berasal dari Timor Leste, Kuwait, Bahra\xe2\x80\xa6'""",-1
1.38E+18,3/29/2021,"b""'RT @vita_AVP: @energitodayID @pertamina Penyiapan masker dannhand sanitizer merupakan upaya Pertamina agar tempat pengungsian warga ini tid\xe2\x80\xa6'""",1
1.38E+18,3/29/2021,"b""'Dukung vaksinasi untuk lindungi orang tersayang #AyoVaksinTetap5M #coronavirus #Covid_19 #mudik2021'""",1
1.38E+18,3/29/2021,"b""'RT @Nerazzurri_Ale: Handanovic sembuh! Sudah negatif COVID-19 \xf0\x9f\x8e\x89'""",1
1.38E+18,3/29/2021,"b""'Senin (29/03), terdapat penambahan 106 kasus positif Covid-19. Kami ingatkan kembali agar masyarakat menjadi subjek\xe2\x80\xa6 https://t.co/Ovp0GUhp8h'""",-1
1.38E+18,3/29/2021,"b""'RT @kacamat35345747: FASA KEDUA PEMBERIAN VAKSIN COVID-19, BEBERAPA KUMPULAN BARU PENERIMA AKAN DITAMBAH  Read More : https://t.co/jIukKaZx\xe2\x80\xa6'""",1
1.38E+18,3/29/2021,"b""'Pertumbuhan Ekonomi Kabupaten Gowa Positif di Tengah Pandemi Covid-19 https://t.co/0DObGrHtRi https://t.co/IDrfoDfPXK'""",1
1.38E+18,3/29/2021,"b""'RT @vita_AVP: Perlengkapan prokes Covid-19 pun tak ketinggalan disiapkan oleh Pertamina.  #EnergiToday'""",1
1.38E+18,3/29/2021,"b""'Update Corona: Per 29 Maret, Penambahan Kasus Baru Corona Mencapai 5.008  Selengkapnya di https://t.co/mXoaMVjTNb.\xe2\x80\xa6 https://t.co/dZkiTUJpZ6'""",-1
1.38E+18,3/29/2021,"b""'RT @BNPB_Indonesia: Update Infografis percepatan penanganan COVID-19 di Indonesia per tanggal 29 Maret 2021 Pukul 12.00 WIB.   #BersatuLawa\xe2\x80\xa6'""",1
1.38E+18,3/29/2021,"b""'RT @KemenkesRI: 16 juta bulk vaksin COVID-19 termasuk 1,5 juta untuk overfill telah tiba di Indonesia.   Kedatangan bulk vaksin ini merupak\xe2\x80\xa6'""",1
1.38E+18,3/29/2021,"b""'Tak Cuma COVID-19, TB Juga Bisa Dicegah dengan Pakai Masker dan Jaga Jarak https://t.co/et6r3bam86'""",1
1.38E+18,3/29/2021,"b""'@apergian @SaveMoslem1 Sebelum menggunakan masker, saya cari info ke dokter, ulama, dll. Saya tanya sana sini. gak\xe2\x80\xa6 https://t.co/cSY5oKeH9F'""",1
1.38E+18,3/29/2021,"b""'Disaat sejumlah usaha lain sedang mengalami masa sulit akibat pandemi Covid 19, salah satu industri rumah tangga di\xe2\x80\xa6 https://t.co/0maojCkYuK'""",1
1.38E+18,3/29/2021,"b""'RT @mochamadarip: Data @KemenkesRI per 28 Maret kemarin total sudah 10.489.657 dosis vaksin disuntikkan, dengan rincian 7.243.202 suntikan\xe2\x80\xa6'""",1
1.38E+18,3/29/2021,"b""'Pengalamannya saat menggelar uji coba PTM di SMK Jateng, ratusan murid lanjut Ganjar terkonfirmasi Covid-19. Ternya\xe2\x80\xa6 https://t.co/3ggEY5nKkp'""",-1
1.38E+18,3/29/2021,"b""'RT @mochamadarip: Menteri Kesehatan Budi Gunadi Sadikin mengimbau masyarakat yang memiliki anggota keluarga lanjut usia, segera melakukan v\xe2\x80\xa6'""",1
1.38E+18,3/29/2021,"b""'RT @mochamadarip: Mentri Kesehatan @BudiGSadikin mengucapkan terima kasih dan memberi apresiasi ke Bapak dan Ibu Kepala Daerah yang sudah m\xe2\x80\xa6'""",1
1.38E+18,3/29/2021,"b""'Sama seperti yang diungkapkan menko bidang perekonomian Airlangga Hartarto, menkes pun menyebutkan bahwa vaksinasi\xe2\x80\xa6 https://t.co/wB3qSceFnR'""",1
1.38E+18,3/29/2021,"b""'Sobat #Healthies, Meski #dirumahaja saat pandemi Covid-19, kita bisa tetap produktif dgn tetap bekerja secara darin\xe2\x80\xa6 https://t.co/ACep8P2Db8'""",1
1.38E+18,3/29/2021,"b""'@dnl_ysf Tahan tahan, nnti kita bernyanyi lagu korona bareng ibu peri \xf0\x9f\x98\x84'""",1
1.38E+18,3/29/2021,"b""'RT @IniSleman: Kronologis nya mirip : satu warga meninggal (bukan karena Covid-19) lalu banyak warga datang melayat. Setelah itu bisa diteb\xe2\x80\xa6'""",-1
1.38E+18,3/29/2021,"b""'2 hari nya saya tagih lagi.. Lalu beliau bilang blm ada.. 2 hari lagi tagih lagi..blm ada jg.. Smpe saya sakit.. La\xe2\x80\xa6 https://t.co/ySceWnylsd'""",-1
1.38E+18,3/29/2021,"b""'RT @tolakbigotnkri: Program vaksinasi nasional sudah berjalan. Tenaga kesehatan, lansia serta petugas pelayanan publik menjadi kalangan pri\xe2\x80\xa6'""",1
1.38E+18,3/29/2021,"b""'RT @Aryprasetyo85: Ngobrol Bareng Gus Muwafiq, Ganjar Mengaku Siap Mundur Jika Dianggap Gagal  Gubernur Jateng @ganjarpranowo mengaku pande\xe2\x80\xa6'""",-1
1.38E+18,3/29/2021,"b""'RT @KemenkesRI: Update perkembangan vaksinasi COVID-19 di Indonesia, per tanggal 26 Maret 2021 pukul 18.00 WIB.  #VaksinasiNasional https:/\xe2\x80\xa6'""",1
1.38E+18,3/29/2021,"b""'Survei SMRC menunjukkan 71% pemilih Jokowi mau divaksin COVID-19. Sementara pemilih Prabowo di Pilpres 2019 tak sam\xe2\x80\xa6 https://t.co/nGsNFTwiop'""",1
1.38E+18,3/29/2021,"b""'KENAPA BARU GEMBAR GEMBOR PERATURAN COVID-19 PAS CHANYEOL DOANG SIH? CUMAN FOTO ANJING, NGGA LAGI NGADUK DODOL GARUT\xf0\x9f\x98\xad'""",-1
1.38E+18,3/29/2021,"b""'Program yg sangat baik untuk meningkatkan kesedaran masyarakat mengenai pentingnya Vaksin COVID-19. Sesuai dengan t\xe2\x80\xa6 https://t.co/LzfctGsIz6'""",1
1.38E+18,3/29/2021,"b""'Konsultasi Penyaluran Bansos Covid-19, Anggota DPRD Langkat Lakukan Kunker ke Dinsos Aceh   https://t.co/kV6PJ6o0Ez lewat @Aceh Jurnal'""",1
1.38E+18,3/29/2021,"b""'@Yellowcandy614 intinya kaya kumpul 4 org lebih gabole korona'""",-1
1.38E+18,3/29/2021,"b""'RT @detikcom: Survei SMRC menunjukkan 71% pemilih Jokowi mau divaksin COVID-19. Sementara pemilih Prabowo di Pilpres 2019 tak sampai 50% ya\xe2\x80\xa6'""",1
1.38E+18,3/29/2021,"b""'Knapa yg beginian diberitakan. Intinya yuuk sama2 qta sukseskan vaksinasi Covid-19 !.'""",1
1.38E+18,3/29/2021,"b""'it's ok gaada foto grup grgr korona ok gue ngerti, tp apa gabisa merchbot update sesuatu gitu tentang chanyeol wami\xe2\x80\xa6 https://t.co/tMOKwpCD3u'""",-1
1.38E+18,3/29/2021,"b""'Zona Hijau Covid-19 di Subang bertambah empat kecamatan #ElshintaEdisiMalam   https://t.co/BsCITAwNbN'""",1
1.38E+18,3/30/2021,"b""'Presiden dan Menhan Pakistan Terinfeksi Covid-19 https://t.co/JfJ2fYztbM https://t.co/OLH3WhASba'""",-1
1.38E+18,3/30/2021,"b""'329,5 Juta Vaksin Covid-19 Diamankan, Bio Farma Sebut Masih Kurang https://t.co/6qpHsQ010s via @harianbatampos'""",-1
1.38E+18,3/30/2021,"b""'ICW Desak KPK Panggil Herman Hery di Kasus Bansos Covid-19 https://t.co/WDGfHyY7Sy'""",-1
1.38E+18,3/30/2021,"b""'RT @DitjenPajakRI: Salah satu alokasi uang pajak adalah sebagai sumber pendanaan sektor kesehatan dalam bentuk vaksinasi Covid-19 sebagai u\xe2\x80\xa6'""",1
1.38E+18,3/30/2021,"b""'RT @ustadtengkuzul: Waskita rugi trilyunan. Saham anjlok 90 poin. Waskita juga terpaksa restrukturisasi hutang. Dan tahun ini terpaksa menj\xe2\x80\xa6'""",-1
1.38E+18,3/30/2021,"b""'Fasilitas Pembebasan Bea Masuk untuk Vaksin Covid-19, Ini Ketentuannya https://t.co/QPSaFxUhRs'""",1
1.38E+18,3/30/2021,"b'\'""Saya sangat prihatin. Di saat kita lagi susah menangani COVID-19, masih ada tindakan kriminal terorisme yang menye\xe2\x80\xa6 https://t.co/UR8xjCw3ZQ\''",-1
1.38E+18,3/30/2021,"b""'- Sebanyak 10,4 juta dosis vaksin telah diberikan ke masyarakat  Indonesia berada di urutan ke Sembilan, di bawah A\xe2\x80\xa6 https://t.co/7jRS4RfyMX'""",1
1.38E+18,3/30/2021,"b'\'Kegiatan Pembagian Masker Medis Gratis Dalam Rangka Gerakan ""Jakarta Bermasker"" Polres Kepulauan Seribu sebagai upa\xe2\x80\xa6 https://t.co/Ve26VL8VtE\''",1
1.38E+18,3/30/2021,"b""'1208hrs: Aliran trafik bergerak lancar di semua lokasi JSAHMS. Cuaca baik. Sila patuhi had laju yang telah ditetapk\xe2\x80\xa6 https://t.co/I40d1FxDrT'""",1
1.38E+18,3/30/2021,"b""'Tidak berlaku buat gue yg emg selalu pake masker setiap keluar rumah dr sbelum korona'""",1
1.38E+18,3/30/2021,"b""'Ayo patuhi protokol kesehatan untuk antisipasi penyebaran covid 19 https://t.co/k9ptmPuKEG'""",1
1.38E+18,3/30/2021,"b""'RT @antaranews: Presiden Pakistan Arif Alvi mengaku terbukti positif COVID-19 usai menerima dosis pertama vaksin yang tak disebut mereknya.\xe2\x80\xa6'""",-1
1.38E+18,3/30/2021,"b""'Presiden Pakistan Arif Alvi Positif Covid-19: Semoga Allah Mengasihani Semua Orang https://t.co/iwTtaAk0kb'""",-1
1.38E+18,3/30/2021,"b""'RT @DiantyYasmin3: Satgas Sebut Jumlah Bed Khusus Covid-19 di RS Sudah di Bawah 50 Persen Alhamdulillah  Semoga Pandemi ini cepat berakhir\xe2\x80\xa6'""",1
1.38E+18,3/30/2021,"b""'RT @KemenkesRI: Pemerintah telah memulai program vaksinasi COVID-19 secara nasional.  Jika #Healthies membutuhkan informasi seputar vaksina\xe2\x80\xa6'""",1
1.38E+18,3/30/2021,"b""'RT @ustadtengkuzul: Waskita rugi trilyunan. Saham anjlok 90 poin. Waskita juga terpaksa restrukturisasi hutang. Dan tahun ini terpaksa menj\xe2\x80\xa6'""",-1
1.38E+18,3/30/2021,"b""'kecepatan vaksin mendekati 500 ribu penyuntikan per hari (per 28 maret 2021) @hyubi95 @boldditalic @icalmn12\xe2\x80\xa6 https://t.co/mbGFAhNPam'""",1
1.38E+18,3/30/2021,"b""'Anak-anak di bawah 5 tahun tidak wajib tes COVID-19 https://t.co/3shIdkDe1d'""",1
1.38E+18,3/30/2021,"b""'RT @TheArieAir: Di Amerika Serikat saat ini semakin meluas kejadian rasisme ANTI ASIA dikota kota besar termasuk New York dipicu oleh state\xe2\x80\xa6'""",-1
1.38E+18,3/30/2021,"b""'RT @wantahgdn: Indonesian masuk 10 besar negara terdepan laksanakan vaksinasi Covid-19.  Inilah bukti keseriusan pemerintah dalam percepata\xe2\x80\xa6'""",1
1.38E+18,3/30/2021,"b""'Dibilang sehat tapi sakit dibilang sakit tapi sehatt #COVID19'""",-1
1.38E+18,3/30/2021,"b""'Dampak Klaster Piknik Grup Senam, Jumlah Positif COVID-19 Di Tegal Bertambah https://t.co/Z7tU6Wz05K'""",-1
1.38E+18,3/30/2021,"b""'RT @KompasTV: Seperti apa dilema perempuan dan anak di tengah kondisi pandemi Covid-19? Simak pembahasan selengkapnya di #KamarROSI malam i\xe2\x80\xa6'""",-1
1.38E+18,3/30/2021,"b""'Menkes: Indonesia Posisi 4 Vaksinasi Covid-19 Terbesar di Dunia https://t.co/JLhFWWWLyc https://t.co/SYclhBMnyv'""",1
1.38E+18,3/30/2021,"b""'RT @KemenkesRI: 2. Dengan demikian, terjadi penambahan kasus positif #COVID19 sebanyak 5.008 orang.   Kasus sembuh bertambah 5.418 orang da\xe2\x80\xa6'""",-1
1.38E+18,3/30/2021,"b""'Farooq Abdullah tests Covid-19 positive: Tweets Omar\xc2\xa0Abdullah https://t.co/GwD4BJ8MJh'""",-1
1.38E+18,3/30/2021,"b""'Menkes Budi: Indonesia Tembus 10 juta Vaksinasi COVID-19 https://t.co/HmqcGg9PCe'""",1
1.38E+18,3/30/2021,"b"" banyak pegawai yang kehilangan pekerjaan karena pandemi",-1
1.38E+18,3/30/2021,"b""'@ratirt vvirus korona menyebabkan perekonomian indonesia menurun https://t.co/HmqcGg9PCe'""",-1
1.38E+18,3/30/2021,tingka kemiskinan diindonesia meningkat dan menurun drastis semenjak korona,-1
1.38E+18,3/30/2021,"b'\'Kegiatan Pembagian Masker Medis Gratis Dalam Rangka Gerakan ""Jakarta Bermasker"" Polres Kepulauan Seribu sebagai upa\xe2\x80\xa6 https://t.co/J7CVQnHXGO\''",1
1.38E+18,3/30/2021,"b""'RT @triwul82: Masyarakat Lanjut Usia (Lansia) sudah bisa divaksinasi Covid-19. Sebelum divaksinasi, peserta lansia harus menjawab seluruh p\xe2\x80\xa6'""",1
1.38E+18,3/30/2021,"b""'RT @NelldeeShop: Alhamdulillah pagi ini dapat kabar kalo beliau yg terkonfirmasi positif covid 19 baru sehari konsumsi nutrisi imeta penciu\xe2\x80\xa6'""",1
1.38E+18,3/30/2021,"b""'POLSEK SAWIT   PENYALURAN BANTUAN LANGSUNG TUNAI ( BLT ) TAHAP III SUMBER DARI DANA DESA  KATEGUHAN KEPADA WARGA YA\xe2\x80\xa6 https://t.co/339hkiIL7v'""",1
1.38E+18,3/30/2021,"b""'KPK Periksa Ketua Komisi VIII DPR di Kasus Bansos Covid-19 Juliari Batubara - #INDONESIA  https://t.co/8L2p3J30m1'""",-1
1.38E+18,3/30/2021,"b""'Jangan lupa untuk selalu memakai masker saat hendak keluar rumah,karena virus Covid-19 masih ada diluar sana.\xe2\x80\xa6 https://t.co/3k8rK2Htbj'""",1
1.38E+18,3/30/2021,"b""'Hadapi Pandemi COVID-19 Hidup Berdampingan dengan Virus jadi pilihan dalam Lingkungan Berisiko - perlu cermati peri\xe2\x80\xa6 https://t.co/BKqFUzXzDs'""",-1
1.38E+18,3/30/2021,"b""'Presiden Pakistan Arif Alvi Positif COVID-19 usai Divaksin Dosis Pertama #LengkapCepatBeritanya #BeritaTerkini\xe2\x80\xa6 https://t.co/SbffgQbvRS'""",-1
1.38E+18,3/30/2021,"b""'RT @kompascom: Uang yang seharusnya untuk warganya itu malah ia gunakan untuk berfoya-foya. Askari merinci, uang sebanyak Rp 70 juta ia gun\xe2\x80\xa6'""",-1
1.38E+18,3/30/2021,"b""'RT @CikaS33295823: Sang mentari bersinar terang , cerah namun panas menyengat , bagaikan gambaran situasi Negeri ini , terlihat indah namun\xe2\x80\xa6'""",1
1.38E+18,3/30/2021,"b""'Gubernur Jabar Tekankan Pentingnya Data dalam Tangani Pandemi COVID-19  Kebijakan Pemerintah Daerah (Pemda) Provins\xe2\x80\xa6 https://t.co/Xcs1rk4FUT'""",1
1.38E+18,3/30/2021,"b""'RT @triwul82: Petugas vaksinasi covid-19 di Tasikmalaya, patut diacungi jempol. Mereka menerjang banjir dng membawa vaksin covid-19 bagi la\xe2\x80\xa6'""",1
1.38E+18,3/30/2021,"b""'RT @kompascom: Kepala desa korupsi dana bantuan Covid-19 untuk berfoya-foya. https://t.co/lE6pzlcvbI'""",-1
1.38E+18,3/30/2021,"b""'WASPADA COVID 19 Pakailah masker bila keluar rumah Serta patuhi prokes 5M Mari bersama lawan covid 19 . .\xe2\x80\xa6 https://t.co/ERKCN1njXq'""",1
1.38E+18,3/30/2021,"b""'Ada 63,5% dari 463 Pasien yang Dinyatakan Sembuh Alami Long Covid-19 \xe2\x80\x93 Tribunnews \xe2\x80\x93 https://t.co/fSPXRsUL7I https://t.co/fLTyBtECiK'""",1
1.38E+18,3/29/2021,"b'\'@dxrank Desanya Naruto. wkwkwkw canda korona hyong. Virus"" yang mematikan itu.....\''",-1
1.38E+18,3/29/2021,"b""'@biasgwjodohgw heh ketemu yang seangkatan korona\xf0\x9f\x98\xad'""",-1
1.38E+18,3/30/2021,"b""'@jokowi Pak pak.. Tolong bukber dilarang, obrog sahur dilarang, konser2 romadon dilarang.. Korona ga pilih2 pas mud\xe2\x80\xa6 https://t.co/DES1fIAalN'""",-1
1.38E+18,3/30/2021,"b""'@ory_lestari Mulut tetangga nularnya lebih cepet dari korona'""",-1
1.38E+18,3/30/2021,"b""'Enak bgt korona gini emak dirumah trs kmrn bikin gado\xc2\xb2, tadi bikin siomay + jelly + es kopi, kmrn bikin brownise \xf0\x9f\x98\xad\xf0\x9f\x98\xad\xe2\x80\xa6 https://t.co/UsrsUBDt7J'""",1
1.38E+18,3/30/2021,"b""'Pelaksanaan pelayanan di Samsat UPT Gunungsitoli dan pemberian Masker kepada pemohon Samsat bagi yang tidak menggun\xe2\x80\xa6 https://t.co/4FawlCanIS'""",-1
